5.182.185.0/255.255.255.0,Banglades
14.1.100.0/255.255.252.0,Banglades
14.128.12.0/255.255.252.0,Banglades
23.92.73.0/255.255.255.128,Banglades
27.0.96.0/255.255.224.0,Banglades
27.54.144.0/255.255.248.0,Banglades
27.123.244.0/255.255.252.0,Banglades
27.123.252.0/255.255.252.0,Banglades
27.131.12.0/255.255.252.0,Banglades
27.147.128.0/255.255.128.0,Banglades
31.13.154.168/255.255.255.248,Banglades
34.98.192.0/255.255.252.0,Banglades
34.98.218.0/255.255.254.0,Banglades
36.255.52.0/255.255.252.0,Banglades
36.255.68.0/255.255.252.0,Banglades
36.255.80.0/255.255.252.0,Banglades
36.255.188.0/255.255.252.0,Banglades
37.111.192.0/255.255.192.0,Banglades
42.0.4.0/255.255.252.0,Banglades
43.224.108.0/255.255.252.0,Banglades
43.224.112.0/255.255.248.0,Banglades
43.225.148.0/255.255.252.0,Banglades
43.225.204.0/255.255.252.0,Banglades
43.228.208.0/255.255.252.0,Banglades
43.228.236.0/255.255.252.0,Banglades
43.229.12.0/255.255.252.0,Banglades
43.229.208.0/255.255.252.0,Banglades
43.230.120.0/255.255.252.0,Banglades
43.230.210.0/255.255.254.0,Banglades
43.231.20.0/255.255.252.0,Banglades
43.231.76.0/255.255.252.0,Banglades
43.239.72.0/255.255.252.0,Banglades
43.240.52.0/255.255.252.0,Banglades
43.240.100.0/255.255.252.0,Banglades
43.242.0.0/255.255.252.0,Banglades
43.243.132.0/255.255.252.0,Banglades
43.243.204.0/255.255.252.0,Banglades
43.245.116.0/255.255.252.0,Banglades
43.245.120.0/255.255.252.0,Banglades
43.245.140.0/255.255.252.0,Banglades
43.245.192.0/255.255.254.0,Banglades
43.245.194.0/255.255.255.128,Banglades
43.245.195.0/255.255.255.0,Banglades
43.245.232.0/255.255.252.0,Banglades
43.245.244.0/255.255.252.0,Banglades
43.246.200.0/255.255.252.0,Banglades
43.250.80.0/255.255.252.0,Banglades
43.251.84.0/255.255.252.0,Banglades
43.254.96.0/255.255.252.0,Banglades
43.255.20.0/255.255.252.0,Banglades
45.10.234.96/255.255.255.240,Banglades
45.64.132.0/255.255.252.0,Banglades
45.64.136.0/255.255.252.0,Banglades
45.64.164.0/255.255.252.0,Banglades
45.112.72.0/255.255.252.0,Banglades
45.113.132.0/255.255.252.0,Banglades
45.113.236.0/255.255.252.0,Banglades
45.114.84.0/255.255.252.0,Banglades
45.114.88.0/255.255.252.0,Banglades
45.114.180.0/255.255.252.0,Banglades
45.114.232.0/255.255.252.0,Banglades
45.115.12.0/255.255.252.0,Banglades
45.115.112.0/255.255.252.0,Banglades
45.115.224.0/255.255.252.0,Banglades
45.116.248.0/255.255.252.0,Banglades
45.117.60.0/255.255.252.0,Banglades
45.118.60.0/255.255.252.0,Banglades
45.118.68.0/255.255.252.0,Banglades
45.118.244.0/255.255.252.0,Banglades
45.120.38.0/255.255.254.0,Banglades
45.120.96.0/255.255.252.0,Banglades
45.120.112.0/255.255.252.0,Banglades
45.123.40.0/255.255.252.0,Banglades
45.124.12.0/255.255.252.0,Banglades
45.124.168.0/255.255.252.0,Banglades
45.125.220.0/255.255.252.0,Banglades
45.126.72.0/255.255.252.0,Banglades
45.127.48.0/255.255.252.0,Banglades
45.127.244.0/255.255.252.0,Banglades
45.127.248.0/255.255.252.0,Banglades
45.129.76.0/255.255.255.0,Banglades
45.132.142.0/255.255.255.0,Banglades
45.152.119.0/255.255.255.0,Banglades
45.248.144.0/255.255.248.0,Banglades
45.248.152.0/255.255.252.0,Banglades
45.249.101.0/255.255.255.0,Banglades
45.249.102.0/255.255.254.0,Banglades
45.249.104.0/255.255.252.0,Banglades
45.249.184.0/255.255.252.0,Banglades
45.250.20.0/255.255.252.0,Banglades
45.250.228.0/255.255.252.0,Banglades
45.250.252.0/255.255.252.0,Banglades
45.251.56.0/255.255.252.0,Banglades
45.251.128.0/255.255.252.0,Banglades
45.251.228.0/255.255.252.0,Banglades
45.252.52.0/255.255.252.0,Banglades
45.252.56.0/255.255.252.0,Banglades
46.244.29.0/255.255.255.240,Banglades
49.0.4.0/255.255.252.0,Banglades
49.0.32.0/255.255.224.0,Banglades
49.128.1.0/255.255.255.0,Banglades
57.92.16.0/255.255.240.0,Banglades
58.65.224.0/255.255.248.0,Banglades
58.84.32.0/255.255.252.0,Banglades
58.97.128.0/255.255.240.0,Banglades
58.97.192.0/255.255.192.0,Banglades
58.145.184.0/255.255.248.0,Banglades
58.147.168.0/255.255.248.0,Banglades
59.152.0.0/255.255.240.0,Banglades
59.152.60.0/255.255.252.0,Banglades
59.152.84.0/255.255.252.0,Banglades
59.152.88.0/255.255.248.0,Banglades
59.152.96.0/255.255.240.0,Banglades
59.153.16.0/255.255.252.0,Banglades
59.153.28.0/255.255.252.0,Banglades
59.153.100.0/255.255.252.0,Banglades
59.153.200.0/255.255.252.0,Banglades
61.247.176.0/255.255.240.0,Banglades
64.44.61.0/255.255.255.0,Banglades
65.49.108.4/255.255.255.254,Banglades
65.49.108.7/255.255.255.255,Banglades
66.159.201.0/255.255.255.0,Banglades
68.71.39.88/255.255.255.248,Banglades
68.71.51.104/255.255.255.248,Banglades
68.71.51.128/255.255.255.248,Banglades
69.88.5.56/255.255.255.248,Banglades
69.88.5.64/255.255.255.240,Banglades
69.88.6.48/255.255.255.240,Banglades
69.88.6.80/255.255.255.240,Banglades
69.88.6.96/255.255.255.240,Banglades
69.88.6.224/255.255.255.224,Banglades
69.88.7.0/255.255.255.224,Banglades
69.88.7.128/255.255.255.224,Banglades
69.88.7.192/255.255.255.224,Banglades
69.88.9.200/255.255.255.248,Banglades
69.88.10.32/255.255.255.224,Banglades
69.88.12.96/255.255.255.224,Banglades
69.88.12.224/255.255.255.224,Banglades
69.88.15.192/255.255.255.192,Banglades
69.88.21.0/255.255.255.0,Banglades
69.88.23.64/255.255.255.224,Banglades
69.88.23.128/255.255.255.192,Banglades
69.88.26.0/255.255.255.192,Banglades
69.88.27.0/255.255.255.0,Banglades
69.88.28.0/255.255.255.128,Banglades
69.88.29.0/255.255.255.0,Banglades
69.88.30.64/255.255.255.192,Banglades
82.206.169.0/255.255.255.240,Banglades
82.206.169.24/255.255.255.248,Banglades
82.206.169.32/255.255.255.224,Banglades
82.206.169.64/255.255.255.240,Banglades
83.137.67.96/255.255.255.240,Banglades
89.221.10.16/255.255.255.248,Banglades
91.237.104.0/255.255.255.0,Banglades
96.127.163.184/255.255.255.248,Banglades
101.2.160.0/255.255.248.0,Banglades
103.3.224.0/255.255.252.0,Banglades
103.4.64.0/255.255.252.0,Banglades
103.4.108.8/255.255.255.248,Banglades
103.4.108.24/255.255.255.252,Banglades
103.4.108.32/255.255.255.240,Banglades
103.4.108.52/255.255.255.252,Banglades
103.4.108.56/255.255.255.248,Banglades
103.4.108.64/255.255.255.240,Banglades
103.4.108.84/255.255.255.252,Banglades
103.4.108.92/255.255.255.252,Banglades
103.4.108.96/255.255.255.248,Banglades
103.4.108.104/255.255.255.252,Banglades
103.4.108.112/255.255.255.240,Banglades
103.4.108.128/255.255.255.240,Banglades
103.4.108.168/255.255.255.252,Banglades
103.4.108.200/255.255.255.248,Banglades
103.4.109.8/255.255.255.248,Banglades
103.4.109.40/255.255.255.252,Banglades
103.4.109.96/255.255.255.224,Banglades
103.4.109.252/255.255.255.252,Banglades
103.4.110.108/255.255.255.252,Banglades
103.4.110.128/255.255.255.192,Banglades
103.4.111.64/255.255.255.192,Banglades
103.4.116.0/255.255.252.0,Banglades
103.4.144.0/255.255.252.0,Banglades
103.5.232.0/255.255.252.0,Banglades
103.7.112.0/255.255.252.0,Banglades
103.7.248.0/255.255.254.0,Banglades
103.7.250.0/255.255.255.224,Banglades
103.7.250.32/255.255.255.240,Banglades
103.7.250.48/255.255.255.248,Banglades
103.7.250.60/255.255.255.252,Banglades
103.7.250.64/255.255.255.192,Banglades
103.7.250.128/255.255.255.128,Banglades
103.7.251.0/255.255.255.0,Banglades
103.8.121.0/255.255.255.0,Banglades
103.9.104.0/255.255.254.0,Banglades
103.9.112.0/255.255.255.128,Banglades
103.9.112.192/255.255.255.192,Banglades
103.9.113.0/255.255.255.0,Banglades
103.9.114.0/255.255.254.0,Banglades
103.9.132.0/255.255.252.0,Banglades
103.9.136.0/255.255.252.0,Banglades
103.9.181.0/255.255.255.0,Banglades
103.9.184.0/255.255.252.0,Banglades
103.9.220.0/255.255.254.0,Banglades
103.9.224.0/255.255.255.0,Banglades
103.10.52.0/255.255.252.0,Banglades
103.10.78.0/255.255.254.0,Banglades
103.11.136.0/255.255.252.0,Banglades
103.12.44.0/255.255.252.0,Banglades
103.12.72.0/255.255.252.0,Banglades
103.12.82.0/255.255.254.0,Banglades
103.12.166.0/255.255.255.0,Banglades
103.12.172.0/255.255.252.0,Banglades
103.12.176.0/255.255.252.0,Banglades
103.12.228.0/255.255.252.0,Banglades
103.12.236.0/255.255.252.0,Banglades
103.12.247.0/255.255.255.0,Banglades
103.13.132.0/255.255.254.0,Banglades
103.13.148.0/255.255.252.0,Banglades
103.13.156.0/255.255.252.0,Banglades
103.13.224.0/255.255.252.0,Banglades
103.13.236.0/255.255.252.0,Banglades
103.14.26.0/255.255.254.0,Banglades
103.14.72.0/255.255.254.0,Banglades
103.14.109.0/255.255.255.0,Banglades
103.14.128.0/255.255.252.0,Banglades
103.14.193.0/255.255.255.0,Banglades
103.14.204.0/255.255.252.0,Banglades
103.15.40.0/255.255.252.0,Banglades
103.15.140.0/255.255.254.0,Banglades
103.15.142.0/255.255.255.0,Banglades
103.15.164.0/255.255.252.0,Banglades
103.15.224.0/255.255.254.0,Banglades
103.15.244.0/255.255.252.0,Banglades
103.16.24.0/255.255.254.0,Banglades
103.16.72.0/255.255.252.0,Banglades
103.16.152.0/255.255.252.0,Banglades
103.17.36.0/255.255.252.0,Banglades
103.17.68.0/255.255.252.0,Banglades
103.17.180.0/255.255.254.0,Banglades
103.18.80.0/255.255.252.0,Banglades
103.18.180.0/255.255.255.0,Banglades
103.19.36.0/255.255.255.0,Banglades
103.19.130.0/255.255.254.0,Banglades
103.19.252.0/255.255.252.0,Banglades
103.20.52.0/255.255.252.0,Banglades
103.20.89.0/255.255.255.0,Banglades
103.20.140.0/255.255.252.0,Banglades
103.20.180.0/255.255.252.0,Banglades
103.21.40.0/255.255.252.0,Banglades
103.21.72.0/255.255.252.0,Banglades
103.21.192.0/255.255.255.0,Banglades
103.23.31.0/255.255.255.0,Banglades
103.23.40.0/255.255.252.0,Banglades
103.23.60.0/255.255.252.0,Banglades
103.23.204.0/255.255.252.0,Banglades
103.25.80.0/255.255.252.0,Banglades
103.25.120.0/255.255.252.0,Banglades
103.25.144.0/255.255.252.0,Banglades
103.25.248.0/255.255.252.0,Banglades
103.26.112.0/255.255.252.0,Banglades
103.26.136.0/255.255.252.0,Banglades
103.26.244.0/255.255.252.0,Banglades
103.28.120.0/255.255.252.0,Banglades
103.29.104.0/255.255.254.0,Banglades
103.29.124.0/255.255.252.0,Banglades
103.30.28.0/255.255.252.0,Banglades
103.30.169.0/255.255.255.0,Banglades
103.30.188.0/255.255.252.0,Banglades
103.31.108.0/255.255.255.0,Banglades
103.31.152.0/255.255.252.0,Banglades
103.31.176.0/255.255.252.0,Banglades
103.31.208.0/255.255.252.0,Banglades
103.31.252.3/255.255.255.255,Banglades
103.31.252.4/255.255.255.252,Banglades
103.31.252.8/255.255.255.248,Banglades
103.31.252.16/255.255.255.240,Banglades
103.31.252.32/255.255.255.224,Banglades
103.31.252.64/255.255.255.254,Banglades
103.31.252.66/255.255.255.255,Banglades
103.31.253.35/255.255.255.255,Banglades
103.31.253.36/255.255.255.252,Banglades
103.31.253.40/255.255.255.248,Banglades
103.31.253.48/255.255.255.240,Banglades
103.31.253.64/255.255.255.224,Banglades
103.31.253.96/255.255.255.254,Banglades
103.31.253.98/255.255.255.255,Banglades
103.31.254.163/255.255.255.255,Banglades
103.31.254.164/255.255.255.252,Banglades
103.31.254.168/255.255.255.248,Banglades
103.31.254.176/255.255.255.240,Banglades
103.31.254.192/255.255.255.224,Banglades
103.31.254.224/255.255.255.254,Banglades
103.31.254.226/255.255.255.255,Banglades
103.31.255.3/255.255.255.255,Banglades
103.31.255.4/255.255.255.252,Banglades
103.31.255.8/255.255.255.248,Banglades
103.31.255.16/255.255.255.240,Banglades
103.31.255.32/255.255.255.224,Banglades
103.31.255.64/255.255.255.192,Banglades
103.31.255.128/255.255.255.254,Banglades
103.31.255.130/255.255.255.255,Banglades
103.35.108.0/255.255.252.0,Banglades
103.35.156.0/255.255.252.0,Banglades
103.35.168.0/255.255.252.0,Banglades
103.36.24.0/255.255.252.0,Banglades
103.36.100.0/255.255.252.0,Banglades
103.38.16.0/255.255.252.0,Banglades
103.40.76.0/255.255.252.0,Banglades
103.40.82.0/255.255.254.0,Banglades
103.40.164.0/255.255.255.240,Banglades
103.40.164.16/255.255.255.255,Banglades
103.40.226.0/255.255.254.0,Banglades
103.41.111.0/255.255.255.0,Banglades
103.41.212.0/255.255.254.0,Banglades
103.41.244.0/255.255.254.0,Banglades
103.42.152.0/255.255.252.0,Banglades
103.43.52.0/255.255.252.0,Banglades
103.43.93.0/255.255.255.0,Banglades
103.43.148.0/255.255.252.0,Banglades
103.43.230.0/255.255.255.0,Banglades
103.44.72.0/255.255.254.0,Banglades
103.44.74.0/255.255.255.0,Banglades
103.44.76.0/255.255.252.0,Banglades
103.44.150.0/255.255.254.0,Banglades
103.46.148.0/255.255.252.0,Banglades
103.48.16.0/255.255.252.0,Banglades
103.48.119.0/255.255.255.0,Banglades
103.49.168.0/255.255.252.0,Banglades
103.49.200.0/255.255.252.0,Banglades
103.50.168.0/255.255.252.0,Banglades
103.51.2.0/255.255.254.0,Banglades
103.51.228.0/255.255.252.0,Banglades
103.52.134.0/255.255.254.0,Banglades
103.52.140.0/255.255.252.0,Banglades
103.53.36.0/255.255.252.0,Banglades
103.53.84.0/255.255.254.0,Banglades
103.54.36.0/255.255.252.0,Banglades
103.54.40.0/255.255.252.0,Banglades
103.54.148.0/255.255.252.0,Banglades
103.55.144.0/255.255.252.0,Banglades
103.56.4.0/255.255.252.0,Banglades
103.56.208.0/255.255.254.0,Banglades
103.57.20.0/255.255.252.0,Banglades
103.57.40.0/255.255.252.0,Banglades
103.57.120.0/255.255.252.0,Banglades
103.57.151.0/255.255.255.0,Banglades
103.58.72.0/255.255.252.0,Banglades
103.58.92.0/255.255.252.0,Banglades
103.58.108.0/255.255.254.0,Banglades
103.59.36.0/255.255.252.0,Banglades
103.59.176.0/255.255.252.0,Banglades
103.59.233.0/255.255.255.0,Banglades
103.60.160.0/255.255.252.0,Banglades
103.60.172.0/255.255.252.0,Banglades
103.62.140.0/255.255.252.0,Banglades
103.62.144.0/255.255.254.0,Banglades
103.63.156.0/255.255.252.0,Banglades
103.63.234.0/255.255.254.0,Banglades
103.66.24.0/255.255.254.0,Banglades
103.66.64.0/255.255.252.0,Banglades
103.66.176.0/255.255.252.0,Banglades
103.67.156.0/255.255.252.0,Banglades
103.67.196.0/255.255.252.0,Banglades
103.68.4.0/255.255.252.0,Banglades
103.68.104.0/255.255.255.0,Banglades
103.68.116.0/255.255.252.0,Banglades
103.69.148.0/255.255.252.0,Banglades
103.69.156.0/255.255.252.0,Banglades
103.70.140.0/255.255.252.0,Banglades
103.70.170.0/255.255.254.0,Banglades
103.70.228.0/255.255.252.0,Banglades
103.71.40.0/255.255.252.0,Banglades
103.71.46.0/255.255.254.0,Banglades
103.72.76.0/255.255.252.0,Banglades
103.72.109.0/255.255.255.0,Banglades
103.73.36.0/255.255.252.0,Banglades
103.73.44.0/255.255.252.0,Banglades
103.73.52.0/255.255.252.0,Banglades
103.73.56.0/255.255.255.0,Banglades
103.73.104.0/255.255.252.0,Banglades
103.73.196.0/255.255.252.0,Banglades
103.73.224.0/255.255.252.0,Banglades
103.74.84.0/255.255.252.0,Banglades
103.74.132.0/255.255.252.0,Banglades
103.74.176.0/255.255.252.0,Banglades
103.74.228.0/255.255.252.0,Banglades
103.75.220.0/255.255.252.0,Banglades
103.75.238.0/255.255.254.0,Banglades
103.76.44.0/255.255.252.0,Banglades
103.76.152.0/255.255.252.0,Banglades
103.76.196.0/255.255.252.0,Banglades
103.76.236.0/255.255.252.0,Banglades
103.76.240.0/255.255.252.0,Banglades
103.77.16.0/255.255.252.0,Banglades
103.77.60.0/255.255.252.0,Banglades
103.77.100.0/255.255.252.0,Banglades
103.77.188.0/255.255.252.0,Banglades
103.77.252.0/255.255.254.0,Banglades
103.78.52.0/255.255.252.0,Banglades
103.78.160.0/255.255.252.0,Banglades
103.78.188.0/255.255.252.0,Banglades
103.78.223.0/255.255.255.240,Banglades
103.78.223.16/255.255.255.255,Banglades
103.78.224.0/255.255.252.0,Banglades
103.78.248.0/255.255.248.0,Banglades
103.79.117.0/255.255.255.0,Banglades
103.79.118.0/255.255.255.0,Banglades
103.79.182.0/255.255.254.0,Banglades
103.79.216.0/255.255.252.0,Banglades
103.79.224.0/255.255.252.0,Banglades
103.80.0.0/255.255.252.0,Banglades
103.80.70.0/255.255.254.0,Banglades
103.80.224.0/255.255.252.0,Banglades
103.81.68.0/255.255.252.0,Banglades
103.81.104.0/255.255.254.0,Banglades
103.81.172.0/255.255.252.0,Banglades
103.81.196.0/255.255.252.0,Banglades
103.81.204.0/255.255.252.0,Banglades
103.82.8.0/255.255.252.0,Banglades
103.82.172.0/255.255.252.0,Banglades
103.83.15.0/255.255.255.0,Banglades
103.83.164.0/255.255.252.0,Banglades
103.83.196.0/255.255.255.0,Banglades
103.83.204.0/255.255.252.0,Banglades
103.83.232.0/255.255.252.0,Banglades
103.83.240.0/255.255.252.0,Banglades
103.84.36.0/255.255.252.0,Banglades
103.84.133.0/255.255.255.0,Banglades
103.84.156.0/255.255.252.0,Banglades
103.84.172.0/255.255.252.0,Banglades
103.84.244.0/255.255.252.0,Banglades
103.84.252.0/255.255.252.0,Banglades
103.85.32.0/255.255.252.0,Banglades
103.85.112.0/255.255.252.0,Banglades
103.85.156.0/255.255.252.0,Banglades
103.85.160.0/255.255.252.0,Banglades
103.85.192.0/255.255.248.0,Banglades
103.85.200.0/255.255.252.0,Banglades
103.85.216.0/255.255.252.0,Banglades
103.85.232.0/255.255.248.0,Banglades
103.85.240.0/255.255.252.0,Banglades
103.86.108.0/255.255.252.0,Banglades
103.86.192.0/255.255.248.0,Banglades
103.86.200.0/255.255.252.0,Banglades
103.87.36.0/255.255.255.0,Banglades
103.87.112.0/255.255.252.0,Banglades
103.87.136.0/255.255.252.0,Banglades
103.87.212.0/255.255.252.0,Banglades
103.87.232.0/255.255.252.0,Banglades
103.87.236.0/255.255.254.0,Banglades
103.87.238.0/255.255.255.0,Banglades
103.87.244.0/255.255.252.0,Banglades
103.87.248.0/255.255.252.0,Banglades
103.88.24.0/255.255.252.0,Banglades
103.88.136.0/255.255.254.0,Banglades
103.88.140.0/255.255.252.0,Banglades
103.88.232.0/255.255.252.0,Banglades
103.89.24.0/255.255.252.0,Banglades
103.89.244.0/255.255.252.0,Banglades
103.90.0.0/255.255.254.0,Banglades
103.90.2.0/255.255.255.0,Banglades
103.90.12.0/255.255.254.0,Banglades
103.90.212.0/255.255.252.0,Banglades
103.91.52.0/255.255.254.0,Banglades
103.91.54.0/255.255.255.0,Banglades
103.91.104.0/255.255.254.0,Banglades
103.91.128.0/255.255.252.0,Banglades
103.91.144.0/255.255.252.0,Banglades
103.91.168.0/255.255.252.0,Banglades
103.91.228.0/255.255.252.0,Banglades
103.91.232.0/255.255.252.0,Banglades
103.92.84.0/255.255.254.0,Banglades
103.92.152.0/255.255.252.0,Banglades
103.92.160.0/255.255.254.0,Banglades
103.92.204.0/255.255.252.0,Banglades
103.92.208.0/255.255.255.0,Banglades
103.92.212.0/255.255.252.0,Banglades
103.92.216.0/255.255.252.0,Banglades
103.92.234.0/255.255.255.0,Banglades
103.93.90.0/255.255.255.0,Banglades
103.93.120.0/255.255.255.0,Banglades
103.94.128.0/255.255.252.0,Banglades
103.94.134.0/255.255.254.0,Banglades
103.94.196.0/255.255.252.0,Banglades
103.94.216.0/255.255.252.0,Banglades
103.94.246.0/255.255.254.0,Banglades
103.95.38.0/255.255.255.0,Banglades
103.95.96.0/255.255.252.0,Banglades
103.95.124.0/255.255.252.0,Banglades
103.95.208.0/255.255.252.0,Banglades
103.96.36.0/255.255.252.0,Banglades
103.96.68.0/255.255.252.0,Banglades
103.96.89.0/255.255.255.0,Banglades
103.96.90.0/255.255.254.0,Banglades
103.96.104.0/255.255.252.0,Banglades
103.96.234.0/255.255.254.0,Banglades
103.97.44.0/255.255.254.0,Banglades
103.97.120.0/255.255.252.0,Banglades
103.97.160.0/255.255.252.0,Banglades
103.97.204.0/255.255.252.0,Banglades
103.98.64.0/255.255.252.0,Banglades
103.98.106.0/255.255.254.0,Banglades
103.98.135.0/255.255.255.0,Banglades
103.98.200.0/255.255.248.0,Banglades
103.99.11.0/255.255.255.0,Banglades
103.99.128.0/255.255.252.0,Banglades
103.99.176.0/255.255.254.0,Banglades
103.99.180.0/255.255.252.0,Banglades
103.99.248.0/255.255.252.0,Banglades
103.100.92.0/255.255.252.0,Banglades
103.100.232.0/255.255.252.0,Banglades
103.100.244.0/255.255.255.0,Banglades
103.101.53.0/255.255.255.0,Banglades
103.101.54.0/255.255.254.0,Banglades
103.101.84.0/255.255.255.255,Banglades
103.101.85.0/255.255.255.255,Banglades
103.101.86.0/255.255.255.255,Banglades
103.101.87.0/255.255.255.255,Banglades
103.101.196.0/255.255.252.0,Banglades
103.101.249.0/255.255.255.0,Banglades
103.101.250.0/255.255.254.0,Banglades
103.101.253.0/255.255.255.0,Banglades
103.102.27.0/255.255.255.0,Banglades
103.102.42.0/255.255.254.0,Banglades
103.102.132.0/255.255.252.0,Banglades
103.102.136.0/255.255.252.0,Banglades
103.102.204.0/255.255.252.0,Banglades
103.102.216.0/255.255.252.0,Banglades
103.102.236.0/255.255.252.0,Banglades
103.102.246.0/255.255.254.0,Banglades
103.102.252.0/255.255.252.0,Banglades
103.103.6.0/255.255.254.0,Banglades
103.103.32.0/255.255.252.0,Banglades
103.103.88.0/255.255.254.0,Banglades
103.103.98.0/255.255.254.0,Banglades
103.103.100.0/255.255.252.0,Banglades
103.103.124.0/255.255.252.0,Banglades
103.103.239.0/255.255.255.0,Banglades
103.104.140.0/255.255.252.0,Banglades
103.104.184.0/255.255.252.0,Banglades
103.104.216.0/255.255.252.0,Banglades
103.104.242.0/255.255.254.0,Banglades
103.105.74.0/255.255.254.0,Banglades
103.105.84.0/255.255.252.0,Banglades
103.106.0.0/255.255.252.0,Banglades
103.106.32.0/255.255.252.0,Banglades
103.106.56.0/255.255.252.0,Banglades
103.106.118.0/255.255.254.0,Banglades
103.106.164.0/255.255.252.0,Banglades
103.106.184.0/255.255.252.0,Banglades
103.106.201.0/255.255.255.0,Banglades
103.106.236.0/255.255.252.0,Banglades
103.106.240.0/255.255.252.0,Banglades
103.107.38.0/255.255.255.0,Banglades
103.107.40.0/255.255.254.0,Banglades
103.107.76.0/255.255.252.0,Banglades
103.107.122.0/255.255.254.0,Banglades
103.107.132.0/255.255.252.0,Banglades
103.107.160.0/255.255.252.0,Banglades
103.107.184.0/255.255.255.0,Banglades
103.107.228.0/255.255.252.0,Banglades
103.108.60.0/255.255.252.0,Banglades
103.108.88.0/255.255.252.0,Banglades
103.108.112.0/255.255.252.0,Banglades
103.108.140.0/255.255.255.0,Banglades
103.108.144.0/255.255.252.0,Banglades
103.108.221.0/255.255.255.0,Banglades
103.109.52.0/255.255.252.0,Banglades
103.109.56.0/255.255.252.0,Banglades
103.109.92.0/255.255.252.0,Banglades
103.109.96.0/255.255.252.0,Banglades
103.109.212.0/255.255.252.0,Banglades
103.109.236.0/255.255.252.0,Banglades
103.110.5.0/255.255.255.0,Banglades
103.110.56.0/255.255.252.0,Banglades
103.110.64.0/255.255.252.0,Banglades
103.110.78.0/255.255.254.0,Banglades
103.110.96.0/255.255.252.0,Banglades
103.110.112.0/255.255.252.0,Banglades
103.110.124.0/255.255.254.0,Banglades
103.110.126.0/255.255.255.0,Banglades
103.110.160.0/255.255.252.0,Banglades
103.110.192.0/255.255.254.0,Banglades
103.110.212.0/255.255.252.0,Banglades
103.110.216.0/255.255.252.0,Banglades
103.110.224.0/255.255.252.0,Banglades
103.111.8.0/255.255.248.0,Banglades
103.111.34.0/255.255.254.0,Banglades
103.111.36.0/255.255.255.0,Banglades
103.111.88.0/255.255.252.0,Banglades
103.111.116.0/255.255.254.0,Banglades
103.111.120.0/255.255.252.0,Banglades
103.111.126.0/255.255.255.0,Banglades
103.111.164.0/255.255.252.0,Banglades
103.111.224.0/255.255.252.0,Banglades
103.112.52.0/255.255.252.0,Banglades
103.112.56.0/255.255.248.0,Banglades
103.112.64.0/255.255.254.0,Banglades
103.112.120.0/255.255.255.0,Banglades
103.112.128.0/255.255.252.0,Banglades
103.112.147.0/255.255.255.0,Banglades
103.112.148.0/255.255.252.0,Banglades
103.112.156.0/255.255.252.0,Banglades
103.112.164.0/255.255.252.0,Banglades
103.112.168.0/255.255.252.0,Banglades
103.112.204.0/255.255.252.0,Banglades
103.112.236.0/255.255.252.0,Banglades
103.113.12.0/255.255.252.0,Banglades
103.113.16.0/255.255.252.0,Banglades
103.113.109.0/255.255.255.0,Banglades
103.113.148.0/255.255.254.0,Banglades
103.113.152.0/255.255.252.0,Banglades
103.113.172.0/255.255.252.0,Banglades
103.113.192.0/255.255.248.0,Banglades
103.113.200.0/255.255.252.0,Banglades
103.113.208.0/255.255.252.0,Banglades
103.113.224.0/255.255.252.0,Banglades
103.114.10.0/255.255.254.0,Banglades
103.114.20.0/255.255.252.0,Banglades
103.114.36.0/255.255.252.0,Banglades
103.114.40.0/255.255.252.0,Banglades
103.114.54.0/255.255.255.0,Banglades
103.114.60.0/255.255.254.0,Banglades
103.114.92.0/255.255.252.0,Banglades
103.114.96.0/255.255.252.0,Banglades
103.114.166.0/255.255.254.0,Banglades
103.114.168.0/255.255.252.0,Banglades
103.114.174.0/255.255.254.0,Banglades
103.114.188.0/255.255.254.0,Banglades
103.115.24.0/255.255.252.0,Banglades
103.115.72.0/255.255.252.0,Banglades
103.115.82.0/255.255.254.0,Banglades
103.115.100.0/255.255.252.0,Banglades
103.115.116.0/255.255.252.0,Banglades
103.115.132.0/255.255.252.0,Banglades
103.115.156.0/255.255.252.0,Banglades
103.115.240.0/255.255.252.0,Banglades
103.115.252.0/255.255.252.0,Banglades
103.116.49.0/255.255.255.0,Banglades
103.116.52.0/255.255.252.0,Banglades
103.116.88.0/255.255.252.0,Banglades
103.116.116.0/255.255.252.0,Banglades
103.116.164.0/255.255.252.0,Banglades
103.116.180.0/255.255.252.0,Banglades
103.117.11.0/255.255.255.0,Banglades
103.117.108.0/255.255.252.0,Banglades
103.117.142.0/255.255.254.0,Banglades
103.117.148.0/255.255.252.0,Banglades
103.117.192.0/255.255.252.0,Banglades
103.117.228.0/255.255.252.0,Banglades
103.118.0.0/255.255.254.0,Banglades
103.118.18.0/255.255.255.0,Banglades
103.118.76.0/255.255.252.0,Banglades
103.118.84.0/255.255.252.0,Banglades
103.118.152.0/255.255.254.0,Banglades
103.119.20.0/255.255.252.0,Banglades
103.119.68.0/255.255.252.0,Banglades
103.119.94.0/255.255.254.0,Banglades
103.119.100.0/255.255.252.0,Banglades
103.120.6.0/255.255.255.0,Banglades
103.120.32.0/255.255.248.0,Banglades
103.120.44.0/255.255.252.0,Banglades
103.120.48.0/255.255.255.0,Banglades
103.120.110.0/255.255.255.0,Banglades
103.120.144.0/255.255.252.0,Banglades
103.120.160.0/255.255.248.0,Banglades
103.120.192.0/255.255.252.0,Banglades
103.120.200.0/255.255.252.0,Banglades
103.120.220.0/255.255.252.0,Banglades
103.121.8.0/255.255.248.0,Banglades
103.121.36.0/255.255.252.0,Banglades
103.121.48.0/255.255.254.0,Banglades
103.121.60.0/255.255.252.0,Banglades
103.121.76.0/255.255.252.0,Banglades
103.121.104.0/255.255.252.0,Banglades
103.121.140.0/255.255.252.0,Banglades
103.121.175.0/255.255.255.0,Banglades
103.121.194.0/255.255.254.0,Banglades
103.121.216.0/255.255.248.0,Banglades
103.122.28.0/255.255.252.0,Banglades
103.122.44.0/255.255.255.0,Banglades
103.122.46.0/255.255.254.0,Banglades
103.122.74.0/255.255.254.0,Banglades
103.122.90.0/255.255.254.0,Banglades
103.122.100.0/255.255.254.0,Banglades
103.122.136.0/255.255.252.0,Banglades
103.122.248.0/255.255.248.0,Banglades
103.123.8.0/255.255.252.0,Banglades
103.123.32.0/255.255.252.0,Banglades
103.123.168.0/255.255.252.0,Banglades
103.124.32.0/255.255.252.0,Banglades
103.124.52.0/255.255.252.0,Banglades
103.124.110.0/255.255.254.0,Banglades
103.124.180.0/255.255.252.0,Banglades
103.124.224.0/255.255.255.0,Banglades
103.124.232.0/255.255.248.0,Banglades
103.124.248.0/255.255.252.0,Banglades
103.125.24.0/255.255.255.0,Banglades
103.125.28.0/255.255.252.0,Banglades
103.125.54.0/255.255.254.0,Banglades
103.125.88.0/255.255.252.0,Banglades
103.125.96.0/255.255.252.0,Banglades
103.125.120.0/255.255.252.0,Banglades
103.125.136.0/255.255.252.0,Banglades
103.125.252.0/255.255.252.0,Banglades
103.126.12.0/255.255.252.0,Banglades
103.126.20.0/255.255.252.0,Banglades
103.126.36.0/255.255.252.0,Banglades
103.126.48.0/255.255.252.0,Banglades
103.126.60.0/255.255.254.0,Banglades
103.126.76.0/255.255.252.0,Banglades
103.126.96.0/255.255.252.0,Banglades
103.126.108.0/255.255.252.0,Banglades
103.126.112.0/255.255.252.0,Banglades
103.126.148.0/255.255.252.0,Banglades
103.126.184.0/255.255.254.0,Banglades
103.126.212.0/255.255.252.0,Banglades
103.126.216.0/255.255.252.0,Banglades
103.126.236.0/255.255.254.0,Banglades
103.127.0.0/255.255.248.0,Banglades
103.127.44.0/255.255.252.0,Banglades
103.127.56.0/255.255.252.0,Banglades
103.127.68.0/255.255.252.0,Banglades
103.127.84.0/255.255.252.0,Banglades
103.127.92.0/255.255.252.0,Banglades
103.127.176.0/255.255.248.0,Banglades
103.129.32.0/255.255.248.0,Banglades
103.129.44.0/255.255.254.0,Banglades
103.129.46.160/255.255.255.224,Banglades
103.129.114.0/255.255.254.0,Banglades
103.129.153.0/255.255.255.0,Banglades
103.129.200.0/255.255.252.0,Banglades
103.129.207.0/255.255.255.0,Banglades
103.129.208.0/255.255.248.0,Banglades
103.129.236.0/255.255.252.0,Banglades
103.129.244.0/255.255.252.0,Banglades
103.130.11.0/255.255.255.0,Banglades
103.130.72.0/255.255.252.0,Banglades
103.130.112.0/255.255.252.0,Banglades
103.130.168.0/255.255.248.0,Banglades
103.130.196.0/255.255.254.0,Banglades
103.131.80.0/255.255.254.0,Banglades
103.131.88.0/255.255.252.0,Banglades
103.131.144.0/255.255.252.0,Banglades
103.131.156.0/255.255.252.0,Banglades
103.131.180.0/255.255.254.0,Banglades
103.132.88.0/255.255.248.0,Banglades
103.132.96.0/255.255.255.0,Banglades
103.132.153.0/255.255.255.0,Banglades
103.132.154.0/255.255.254.0,Banglades
103.132.176.0/255.255.248.0,Banglades
103.132.184.0/255.255.254.0,Banglades
103.132.187.0/255.255.255.0,Banglades
103.132.216.0/255.255.248.0,Banglades
103.132.224.0/255.255.252.0,Banglades
103.132.248.0/255.255.252.0,Banglades
103.133.4.0/255.255.252.0,Banglades
103.133.32.0/255.255.252.0,Banglades
103.133.76.0/255.255.252.0,Banglades
103.133.134.0/255.255.254.0,Banglades
103.133.140.0/255.255.252.0,Banglades
103.133.164.0/255.255.252.0,Banglades
103.133.172.0/255.255.252.0,Banglades
103.133.184.0/255.255.252.0,Banglades
103.133.200.0/255.255.248.0,Banglades
103.133.208.0/255.255.252.0,Banglades
103.133.213.0/255.255.255.0,Banglades
103.133.236.0/255.255.254.0,Banglades
103.133.252.0/255.255.252.0,Banglades
103.134.24.0/255.255.248.0,Banglades
103.134.36.0/255.255.252.0,Banglades
103.134.40.0/255.255.252.0,Banglades
103.134.56.0/255.255.248.0,Banglades
103.134.68.0/255.255.252.0,Banglades
103.134.84.0/255.255.255.0,Banglades
103.134.88.0/255.255.252.0,Banglades
103.134.124.0/255.255.252.0,Banglades
103.134.168.0/255.255.248.0,Banglades
103.134.192.0/255.255.252.0,Banglades
103.134.200.0/255.255.252.0,Banglades
103.134.208.0/255.255.252.0,Banglades
103.134.226.0/255.255.254.0,Banglades
103.134.240.0/255.255.252.0,Banglades
103.134.254.0/255.255.254.0,Banglades
103.135.76.0/255.255.252.0,Banglades
103.135.88.0/255.255.252.0,Banglades
103.135.132.0/255.255.252.0,Banglades
103.135.136.0/255.255.252.0,Banglades
103.135.172.0/255.255.252.0,Banglades
103.135.208.0/255.255.252.0,Banglades
103.135.232.0/255.255.252.0,Banglades
103.135.252.0/255.255.252.0,Banglades
103.136.0.0/255.255.252.0,Banglades
103.136.62.0/255.255.254.0,Banglades
103.136.68.0/255.255.252.0,Banglades
103.136.96.0/255.255.252.0,Banglades
103.136.104.0/255.255.252.0,Banglades
103.136.156.0/255.255.252.0,Banglades
103.136.189.0/255.255.255.0,Banglades
103.136.200.0/255.255.248.0,Banglades
103.136.230.0/255.255.254.0,Banglades
103.136.236.0/255.255.252.0,Banglades
103.136.246.0/255.255.254.0,Banglades
103.137.0.0/255.255.254.0,Banglades
103.137.6.0/255.255.254.0,Banglades
103.137.40.0/255.255.255.0,Banglades
103.137.52.0/255.255.252.0,Banglades
103.137.66.0/255.255.254.0,Banglades
103.137.72.0/255.255.252.0,Banglades
103.137.80.0/255.255.254.0,Banglades
103.137.108.0/255.255.254.0,Banglades
103.137.142.0/255.255.254.0,Banglades
103.137.158.0/255.255.254.0,Banglades
103.137.160.0/255.255.252.0,Banglades
103.137.196.0/255.255.254.0,Banglades
103.138.24.0/255.255.252.0,Banglades
103.138.30.0/255.255.254.0,Banglades
103.138.120.0/255.255.252.0,Banglades
103.138.124.0/255.255.254.0,Banglades
103.138.144.0/255.255.252.0,Banglades
103.138.150.0/255.255.254.0,Banglades
103.138.155.0/255.255.255.0,Banglades
103.138.158.0/255.255.254.0,Banglades
103.138.164.0/255.255.254.0,Banglades
103.138.168.0/255.255.248.0,Banglades
103.138.182.0/255.255.254.0,Banglades
103.138.190.0/255.255.254.0,Banglades
103.138.202.0/255.255.254.0,Banglades
103.138.212.0/255.255.252.0,Banglades
103.138.226.0/255.255.254.0,Banglades
103.138.250.0/255.255.254.0,Banglades
103.139.8.0/255.255.254.0,Banglades
103.139.18.0/255.255.254.0,Banglades
103.139.132.0/255.255.254.0,Banglades
103.139.144.0/255.255.254.0,Banglades
103.139.148.0/255.255.252.0,Banglades
103.139.164.0/255.255.254.0,Banglades
103.139.178.0/255.255.254.0,Banglades
103.139.196.0/255.255.254.0,Banglades
103.139.234.0/255.255.254.0,Banglades
103.139.236.0/255.255.255.0,Banglades
103.139.253.0/255.255.255.0,Banglades
103.140.24.0/255.255.254.0,Banglades
103.140.62.0/255.255.254.0,Banglades
103.140.64.0/255.255.254.0,Banglades
103.140.82.0/255.255.254.0,Banglades
103.140.86.0/255.255.254.0,Banglades
103.140.94.0/255.255.254.0,Banglades
103.140.98.0/255.255.254.0,Banglades
103.140.116.0/255.255.254.0,Banglades
103.140.158.0/255.255.254.0,Banglades
103.140.166.0/255.255.254.0,Banglades
103.140.176.0/255.255.254.0,Banglades
103.140.180.0/255.255.254.0,Banglades
103.140.204.0/255.255.254.0,Banglades
103.140.212.0/255.255.254.0,Banglades
103.140.234.0/255.255.254.0,Banglades
103.141.2.0/255.255.254.0,Banglades
103.141.8.0/255.255.254.0,Banglades
103.141.12.0/255.255.254.0,Banglades
103.141.60.0/255.255.255.0,Banglades
103.141.64.0/255.255.252.0,Banglades
103.141.70.0/255.255.254.0,Banglades
103.141.106.0/255.255.254.0,Banglades
103.141.123.0/255.255.255.0,Banglades
103.141.132.0/255.255.255.0,Banglades
103.141.134.0/255.255.254.0,Banglades
103.141.174.0/255.255.254.0,Banglades
103.141.200.0/255.255.254.0,Banglades
103.141.204.0/255.255.254.0,Banglades
103.141.208.0/255.255.254.0,Banglades
103.142.34.0/255.255.254.0,Banglades
103.142.48.0/255.255.254.0,Banglades
103.142.66.0/255.255.254.0,Banglades
103.142.68.0/255.255.252.0,Banglades
103.142.80.0/255.255.254.0,Banglades
103.142.142.0/255.255.254.0,Banglades
103.142.170.0/255.255.254.0,Banglades
103.142.184.0/255.255.254.0,Banglades
103.142.192.0/255.255.254.0,Banglades
103.143.0.0/255.255.254.0,Banglades
103.143.34.0/255.255.254.0,Banglades
103.143.42.0/255.255.254.0,Banglades
103.143.47.0/255.255.255.0,Banglades
103.143.88.0/255.255.254.0,Banglades
103.143.91.0/255.255.255.0,Banglades
103.143.118.0/255.255.254.0,Banglades
103.143.126.0/255.255.254.0,Banglades
103.143.138.0/255.255.254.0,Banglades
103.143.148.0/255.255.255.0,Banglades
103.143.150.0/255.255.254.0,Banglades
103.143.156.0/255.255.254.0,Banglades
103.143.182.0/255.255.254.0,Banglades
103.143.234.0/255.255.254.0,Banglades
103.143.254.0/255.255.254.0,Banglades
103.144.42.0/255.255.254.0,Banglades
103.144.48.0/255.255.254.0,Banglades
103.144.69.0/255.255.255.0,Banglades
103.144.89.0/255.255.255.0,Banglades
103.144.104.0/255.255.254.0,Banglades
103.144.160.0/255.255.254.0,Banglades
103.144.164.0/255.255.254.0,Banglades
103.144.198.0/255.255.254.0,Banglades
103.144.200.0/255.255.254.0,Banglades
103.144.214.0/255.255.255.0,Banglades
103.144.236.0/255.255.255.0,Banglades
103.145.10.0/255.255.254.0,Banglades
103.145.28.0/255.255.254.0,Banglades
103.145.44.0/255.255.254.0,Banglades
103.145.57.0/255.255.255.0,Banglades
103.145.64.0/255.255.254.0,Banglades
103.145.70.0/255.255.254.0,Banglades
103.145.74.0/255.255.254.0,Banglades
103.145.76.0/255.255.254.0,Banglades
103.145.102.0/255.255.254.0,Banglades
103.145.112.0/255.255.254.0,Banglades
103.145.118.0/255.255.254.0,Banglades
103.145.132.0/255.255.252.0,Banglades
103.145.138.0/255.255.254.0,Banglades
103.145.164.0/255.255.254.0,Banglades
103.145.204.0/255.255.254.0,Banglades
103.145.208.0/255.255.252.0,Banglades
103.145.232.0/255.255.254.0,Banglades
103.145.246.0/255.255.254.0,Banglades
103.146.2.0/255.255.254.0,Banglades
103.146.10.0/255.255.254.0,Banglades
103.146.16.0/255.255.254.0,Banglades
103.146.36.0/255.255.254.0,Banglades
103.146.42.0/255.255.254.0,Banglades
103.146.54.0/255.255.254.0,Banglades
103.146.68.0/255.255.254.0,Banglades
103.146.76.0/255.255.254.0,Banglades
103.146.84.0/255.255.254.0,Banglades
103.146.92.0/255.255.252.0,Banglades
103.146.134.0/255.255.255.0,Banglades
103.146.150.0/255.255.254.0,Banglades
103.146.220.0/255.255.254.0,Banglades
103.147.24.0/255.255.254.0,Banglades
103.147.28.0/255.255.254.0,Banglades
103.147.40.0/255.255.254.0,Banglades
103.147.56.0/255.255.254.0,Banglades
103.147.106.0/255.255.254.0,Banglades
103.147.110.0/255.255.254.0,Banglades
103.147.162.0/255.255.254.0,Banglades
103.147.166.0/255.255.254.0,Banglades
103.147.168.0/255.255.254.0,Banglades
103.147.182.0/255.255.254.0,Banglades
103.147.190.0/255.255.254.0,Banglades
103.147.212.0/255.255.254.0,Banglades
103.147.230.0/255.255.255.0,Banglades
103.147.242.0/255.255.254.0,Banglades
103.148.10.0/255.255.254.0,Banglades
103.148.12.0/255.255.252.0,Banglades
103.148.26.0/255.255.254.0,Banglades
103.148.40.0/255.255.254.0,Banglades
103.148.50.0/255.255.254.0,Banglades
103.148.52.0/255.255.254.0,Banglades
103.148.74.0/255.255.254.0,Banglades
103.148.82.0/255.255.254.0,Banglades
103.148.94.0/255.255.254.0,Banglades
103.148.98.0/255.255.254.0,Banglades
103.148.102.0/255.255.254.0,Banglades
103.148.108.0/255.255.255.0,Banglades
103.148.114.0/255.255.254.0,Banglades
103.148.148.0/255.255.254.0,Banglades
103.148.172.0/255.255.254.0,Banglades
103.148.176.0/255.255.252.0,Banglades
103.148.210.0/255.255.254.0,Banglades
103.148.212.0/255.255.252.0,Banglades
103.148.216.0/255.255.254.0,Banglades
103.148.250.0/255.255.255.0,Banglades
103.149.0.0/255.255.254.0,Banglades
103.149.56.0/255.255.254.0,Banglades
103.149.60.0/255.255.254.0,Banglades
103.149.72.0/255.255.252.0,Banglades
103.149.104.0/255.255.252.0,Banglades
103.149.130.0/255.255.254.0,Banglades
103.149.142.0/255.255.254.0,Banglades
103.149.146.0/255.255.254.0,Banglades
103.149.167.0/255.255.255.0,Banglades
103.149.168.0/255.255.254.0,Banglades
103.149.186.0/255.255.254.0,Banglades
103.150.6.0/255.255.254.0,Banglades
103.150.18.0/255.255.254.0,Banglades
103.150.20.0/255.255.254.0,Banglades
103.150.26.0/255.255.254.0,Banglades
103.150.38.0/255.255.255.0,Banglades
103.150.40.0/255.255.254.0,Banglades
103.150.48.0/255.255.254.0,Banglades
103.150.56.0/255.255.254.0,Banglades
103.150.64.0/255.255.254.0,Banglades
103.150.68.0/255.255.254.0,Banglades
103.150.166.0/255.255.254.0,Banglades
103.192.156.0/255.255.252.0,Banglades
103.193.168.0/255.255.252.0,Banglades
103.195.0.0/255.255.252.0,Banglades
103.195.54.0/255.255.254.0,Banglades
103.195.140.0/255.255.254.0,Banglades
103.195.204.0/255.255.254.0,Banglades
103.196.232.0/255.255.252.0,Banglades
103.197.48.0/255.255.254.0,Banglades
103.197.152.0/255.255.252.0,Banglades
103.197.204.0/255.255.252.0,Banglades
103.197.248.0/255.255.252.0,Banglades
103.198.2.0/255.255.254.0,Banglades
103.198.132.0/255.255.252.0,Banglades
103.198.136.0/255.255.252.0,Banglades
103.198.168.0/255.255.252.0,Banglades
103.198.252.0/255.255.252.0,Banglades
103.199.84.0/255.255.252.0,Banglades
103.199.108.0/255.255.252.0,Banglades
103.199.152.0/255.255.252.0,Banglades
103.199.168.0/255.255.254.0,Banglades
103.199.232.0/255.255.252.0,Banglades
103.200.36.0/255.255.252.0,Banglades
103.200.92.0/255.255.252.0,Banglades
103.202.52.0/255.255.252.0,Banglades
103.202.220.0/255.255.252.0,Banglades
103.203.92.0/255.255.252.0,Banglades
103.203.176.0/255.255.252.0,Banglades
103.204.80.0/255.255.248.0,Banglades
103.204.200.0/255.255.252.0,Banglades
103.204.208.0/255.255.252.0,Banglades
103.204.244.0/255.255.252.0,Banglades
103.205.58.0/255.255.254.0,Banglades
103.205.68.0/255.255.252.0,Banglades
103.205.132.0/255.255.252.0,Banglades
103.205.180.0/255.255.252.0,Banglades
103.205.232.0/255.255.252.0,Banglades
103.206.184.0/255.255.254.0,Banglades
103.206.228.0/255.255.252.0,Banglades
103.207.152.0/255.255.254.0,Banglades
103.208.132.0/255.255.252.0,Banglades
103.208.180.0/255.255.252.0,Banglades
103.209.11.0/255.255.255.0,Banglades
103.209.20.0/255.255.252.0,Banglades
103.209.80.0/255.255.252.0,Banglades
103.209.196.0/255.255.252.0,Banglades
103.209.228.0/255.255.252.0,Banglades
103.210.16.0/255.255.252.0,Banglades
103.210.56.0/255.255.248.0,Banglades
103.211.28.0/255.255.252.0,Banglades
103.211.144.0/255.255.252.0,Banglades
103.211.184.0/255.255.254.0,Banglades
103.212.80.0/255.255.252.0,Banglades
103.213.28.0/255.255.254.0,Banglades
103.213.236.0/255.255.252.0,Banglades
103.213.240.0/255.255.252.0,Banglades
103.214.0.0/255.255.255.224,Banglades
103.214.0.32/255.255.255.240,Banglades
103.214.0.64/255.255.255.192,Banglades
103.214.0.128/255.255.255.128,Banglades
103.214.1.0/255.255.255.0,Banglades
103.214.2.0/255.255.254.0,Banglades
103.214.80.0/255.255.252.0,Banglades
103.214.92.0/255.255.252.0,Banglades
103.214.156.0/255.255.252.0,Banglades
103.214.200.0/255.255.252.0,Banglades
103.214.216.0/255.255.252.0,Banglades
103.216.56.0/255.255.252.0,Banglades
103.217.104.0/255.255.254.0,Banglades
103.217.108.0/255.255.252.0,Banglades
103.217.112.0/255.255.252.0,Banglades
103.218.24.0/255.255.252.0,Banglades
103.218.164.0/255.255.255.0,Banglades
103.218.188.0/255.255.252.0,Banglades
103.219.114.0/255.255.254.0,Banglades
103.219.147.0/255.255.255.0,Banglades
103.219.160.0/255.255.252.0,Banglades
103.219.168.0/255.255.252.0,Banglades
103.219.232.0/255.255.252.0,Banglades
103.220.204.0/255.255.252.0,Banglades
103.221.52.0/255.255.252.0,Banglades
103.221.56.0/255.255.252.0,Banglades
103.221.252.0/255.255.252.0,Banglades
103.222.20.0/255.255.252.0,Banglades
103.225.92.0/255.255.252.0,Banglades
103.225.228.0/255.255.252.0,Banglades
103.226.122.0/255.255.255.0,Banglades
103.228.0.0/255.255.252.0,Banglades
103.228.49.0/255.255.255.0,Banglades
103.228.120.0/255.255.252.0,Banglades
103.228.134.0/255.255.254.0,Banglades
103.228.200.0/255.255.252.0,Banglades
103.228.224.0/255.255.252.0,Banglades
103.229.44.0/255.255.252.0,Banglades
103.229.80.0/255.255.248.0,Banglades
103.230.4.0/255.255.252.0,Banglades
103.230.16.0/255.255.252.0,Banglades
103.230.60.0/255.255.252.0,Banglades
103.230.104.0/255.255.252.0,Banglades
103.230.180.0/255.255.252.0,Banglades
103.230.208.0/255.255.252.0,Banglades
103.231.135.0/255.255.255.0,Banglades
103.231.160.0/255.255.252.0,Banglades
103.231.176.0/255.255.252.0,Banglades
103.231.228.0/255.255.252.0,Banglades
103.232.100.0/255.255.252.0,Banglades
103.233.121.0/255.255.255.0,Banglades
103.234.24.0/255.255.252.0,Banglades
103.234.164.0/255.255.252.0,Banglades
103.234.192.0/255.255.254.0,Banglades
103.234.200.0/255.255.252.0,Banglades
103.237.36.0/255.255.252.0,Banglades
103.237.76.0/255.255.252.0,Banglades
103.238.63.0/255.255.255.0,Banglades
103.239.4.0/255.255.252.0,Banglades
103.239.252.0/255.255.252.0,Banglades
103.240.44.0/255.255.252.0,Banglades
103.240.248.0/255.255.252.0,Banglades
103.242.20.0/255.255.252.0,Banglades
103.242.216.0/255.255.252.0,Banglades
103.243.76.0/255.255.252.0,Banglades
103.243.80.0/255.255.252.0,Banglades
103.243.140.0/255.255.252.0,Banglades
103.244.12.0/255.255.252.0,Banglades
103.244.140.0/255.255.252.0,Banglades
103.244.162.0/255.255.255.0,Banglades
103.244.184.0/255.255.252.0,Banglades
103.245.96.0/255.255.252.0,Banglades
103.245.108.0/255.255.252.0,Banglades
103.245.140.0/255.255.252.0,Banglades
103.245.204.0/255.255.252.0,Banglades
103.247.44.0/255.255.252.0,Banglades
103.247.238.0/255.255.254.0,Banglades
103.248.12.0/255.255.252.0,Banglades
103.248.204.0/255.255.252.0,Banglades
103.248.236.0/255.255.252.0,Banglades
103.249.0.0/255.255.252.0,Banglades
103.249.56.0/255.255.255.0,Banglades
103.250.42.0/255.255.254.0,Banglades
103.250.68.0/255.255.252.0,Banglades
103.251.120.0/255.255.252.0,Banglades
103.251.232.0/255.255.252.0,Banglades
103.251.244.0/255.255.252.0,Banglades
103.252.224.0/255.255.252.0,Banglades
103.253.38.0/255.255.254.0,Banglades
103.253.44.0/255.255.252.0,Banglades
103.253.160.0/255.255.252.0,Banglades
103.254.26.0/255.255.255.0,Banglades
103.254.84.0/255.255.252.0,Banglades
103.254.94.0/255.255.255.0,Banglades
103.254.167.0/255.255.255.0,Banglades
103.255.30.0/255.255.255.0,Banglades
106.0.52.0/255.255.252.0,Banglades
106.0.60.0/255.255.252.0,Banglades
109.239.202.72/255.255.255.248,Banglades
110.44.108.0/255.255.252.0,Banglades
110.76.128.0/255.255.252.0,Banglades
111.221.0.0/255.255.248.0,Banglades
112.137.0.0/255.255.240.0,Banglades
113.11.0.0/255.255.128.0,Banglades
113.21.228.0/255.255.252.0,Banglades
113.212.76.0/255.255.255.240,Banglades
113.212.76.16/255.255.255.255,Banglades
113.212.77.0/255.255.255.240,Banglades
113.212.77.16/255.255.255.255,Banglades
113.212.108.0/255.255.252.0,Banglades
114.31.0.0/255.255.224.0,Banglades
114.129.8.0/255.255.248.0,Banglades
114.130.0.0/255.255.0.0,Banglades
114.134.88.0/255.255.248.0,Banglades
115.42.52.0/255.255.252.0,Banglades
115.69.208.0/255.255.248.0,Banglades
115.127.0.0/255.255.128.0,Banglades
115.127.128.0/255.255.192.0,Banglades
115.127.192.0/255.255.224.0,Banglades
116.12.32.0/255.255.248.0,Banglades
116.58.200.0/255.255.248.0,Banglades
116.68.192.0/255.255.240.0,Banglades
116.193.216.0/255.255.248.0,Banglades
116.204.140.0/255.255.252.0,Banglades
116.204.148.0/255.255.252.0,Banglades
116.204.152.0/255.255.252.0,Banglades
116.204.220.0/255.255.252.0,Banglades
116.204.228.0/255.255.252.0,Banglades
116.204.252.0/255.255.252.0,Banglades
116.206.44.0/255.255.252.0,Banglades
116.206.48.0/255.255.252.0,Banglades
116.206.56.0/255.255.248.0,Banglades
116.206.88.0/255.255.252.0,Banglades
116.206.132.0/255.255.252.0,Banglades
116.206.188.0/255.255.252.0,Banglades
116.206.192.0/255.255.252.0,Banglades
116.206.252.0/255.255.252.0,Banglades
116.212.104.0/255.255.248.0,Banglades
116.212.184.0/255.255.248.0,Banglades
117.58.240.0/255.255.248.0,Banglades
117.103.80.0/255.255.248.0,Banglades
117.104.184.0/255.255.252.0,Banglades
118.67.208.0/255.255.240.0,Banglades
118.179.0.0/255.255.128.0,Banglades
118.179.128.0/255.255.192.0,Banglades
118.179.192.0/255.255.224.0,Banglades
119.10.168.0/255.255.248.0,Banglades
119.15.152.0/255.255.248.0,Banglades
119.18.144.0/255.255.248.0,Banglades
119.30.32.0/255.255.240.0,Banglades
119.40.80.0/255.255.240.0,Banglades
119.42.36.0/255.255.252.0,Banglades
119.148.0.0/255.255.192.0,Banglades
119.148.100.0/255.255.252.0,Banglades
120.50.0.0/255.255.224.0,Banglades
120.50.176.0/255.255.248.0,Banglades
120.89.64.0/255.255.252.0,Banglades
121.46.68.0/255.255.252.0,Banglades
121.200.60.0/255.255.252.0,Banglades
122.99.96.0/255.255.248.0,Banglades
122.102.32.0/255.255.248.0,Banglades
122.144.8.0/255.255.255.255,Banglades
122.144.8.2/255.255.255.254,Banglades
122.144.8.4/255.255.255.252,Banglades
122.144.8.8/255.255.255.248,Banglades
122.144.8.16/255.255.255.240,Banglades
122.144.8.32/255.255.255.224,Banglades
122.144.8.64/255.255.255.192,Banglades
122.144.8.128/255.255.255.128,Banglades
122.144.9.0/255.255.255.0,Banglades
122.144.10.0/255.255.255.255,Banglades
122.144.10.2/255.255.255.254,Banglades
122.144.10.4/255.255.255.252,Banglades
122.144.10.8/255.255.255.248,Banglades
122.144.10.16/255.255.255.240,Banglades
122.144.10.32/255.255.255.224,Banglades
122.144.10.64/255.255.255.192,Banglades
122.144.10.128/255.255.255.128,Banglades
122.144.11.0/255.255.255.0,Banglades
122.144.12.0/255.255.255.255,Banglades
122.144.12.2/255.255.255.254,Banglades
122.144.12.4/255.255.255.252,Banglades
122.144.12.8/255.255.255.248,Banglades
122.144.12.16/255.255.255.240,Banglades
122.144.12.32/255.255.255.224,Banglades
122.144.12.64/255.255.255.192,Banglades
122.144.12.128/255.255.255.128,Banglades
122.144.13.0/255.255.255.0,Banglades
122.144.14.0/255.255.254.0,Banglades
122.152.48.0/255.255.248.0,Banglades
122.248.0.0/255.255.240.0,Banglades
123.0.16.0/255.255.240.0,Banglades
123.49.0.0/255.255.192.0,Banglades
123.108.88.0/255.255.252.0,Banglades
123.108.240.0/255.255.248.0,Banglades
123.136.24.0/255.255.248.0,Banglades
123.176.56.0/255.255.252.0,Banglades
123.200.0.0/255.255.224.0,Banglades
123.253.0.0/255.255.252.0,Banglades
123.253.36.0/255.255.252.0,Banglades
123.253.52.0/255.255.252.0,Banglades
123.253.64.0/255.255.252.0,Banglades
123.253.96.0/255.255.252.0,Banglades
123.253.132.0/255.255.252.0,Banglades
123.253.144.0/255.255.252.0,Banglades
123.253.196.0/255.255.252.0,Banglades
123.253.212.0/255.255.252.0,Banglades
123.253.220.0/255.255.252.0,Banglades
124.6.224.0/255.255.240.0,Banglades
124.109.104.0/255.255.252.0,Banglades
137.59.4.0/255.255.252.0,Banglades
137.59.48.0/255.255.252.0,Banglades
137.59.152.0/255.255.252.0,Banglades
137.59.180.0/255.255.252.0,Banglades
139.5.104.0/255.255.252.0,Banglades
139.5.132.0/255.255.252.0,Banglades
139.5.188.0/255.255.252.0,Banglades
144.48.0.0/255.255.252.0,Banglades
144.48.84.0/255.255.252.0,Banglades
144.48.96.0/255.255.252.0,Banglades
144.48.108.0/255.255.252.0,Banglades
144.48.112.0/255.255.248.0,Banglades
144.48.148.0/255.255.252.0,Banglades
144.48.160.0/255.255.252.0,Banglades
146.196.48.0/255.255.252.0,Banglades
150.107.48.0/255.255.248.0,Banglades
150.129.16.0/255.255.254.0,Banglades
150.129.220.0/255.255.252.0,Banglades
150.242.104.0/255.255.252.0,Banglades
157.119.48.0/255.255.252.0,Banglades
157.119.184.0/255.255.252.0,Banglades
157.119.236.0/255.255.252.0,Banglades
157.167.79.0/255.255.255.0,Banglades
157.240.158.0/255.255.255.0,Banglades
160.20.72.0/255.255.252.0,Banglades
160.202.128.0/255.255.252.0,Banglades
160.202.144.0/255.255.252.0,Banglades
160.238.0.0/255.255.255.0,Banglades
160.238.16.0/255.255.252.0,Banglades
160.238.33.0/255.255.255.0,Banglades
162.12.212.0/255.255.252.0,Banglades
163.47.32.0/255.255.248.0,Banglades
163.47.80.0/255.255.248.0,Banglades
163.47.144.0/255.255.252.0,Banglades
163.47.156.0/255.255.252.0,Banglades
163.53.140.0/255.255.252.0,Banglades
163.53.148.0/255.255.252.0,Banglades
163.53.180.0/255.255.252.0,Banglades
173.244.32.243/255.255.255.255,Banglades
175.29.124.0/255.255.252.0,Banglades
175.29.140.0/255.255.252.0,Banglades
175.29.144.0/255.255.252.0,Banglades
175.29.160.0/255.255.224.0,Banglades
175.29.192.0/255.255.248.0,Banglades
175.41.44.0/255.255.252.0,Banglades
180.87.147.64/255.255.255.192,Banglades
180.92.224.0/255.255.240.0,Banglades
180.148.208.0/255.255.248.0,Banglades
180.149.0.0/255.255.224.0,Banglades
180.149.232.0/255.255.252.0,Banglades
180.200.236.0/255.255.252.0,Banglades
180.210.128.0/255.255.192.0,Banglades
180.210.220.0/255.255.252.0,Banglades
180.211.128.0/255.255.128.0,Banglades
182.16.156.0/255.255.252.0,Banglades
182.48.64.0/255.255.224.0,Banglades
182.54.152.0/255.255.252.0,Banglades
182.160.96.0/255.255.224.0,Banglades
182.161.67.0/255.255.255.0,Banglades
182.163.96.0/255.255.224.0,Banglades
182.252.64.0/255.255.192.0,Banglades
184.154.45.8/255.255.255.248,Banglades
185.221.68.48/255.255.255.254,Banglades
185.221.69.48/255.255.255.254,Banglades
185.221.70.48/255.255.255.254,Banglades
192.26.110.0/255.255.255.0,Banglades
192.140.252.0/255.255.252.0,Banglades
192.144.80.0/255.255.248.0,Banglades
192.144.88.0/255.255.252.0,Banglades
198.32.167.1/255.255.255.255,Banglades
198.32.167.2/255.255.255.254,Banglades
198.32.167.22/255.255.255.255,Banglades
198.32.167.65/255.255.255.255,Banglades
198.32.167.66/255.255.255.255,Banglades
198.32.167.86/255.255.255.255,Banglades
198.32.167.100/255.255.255.255,Banglades
198.32.167.105/255.255.255.255,Banglades
198.32.167.108/255.255.255.255,Banglades
199.204.135.56/255.255.255.248,Banglades
202.0.94.0/255.255.255.0,Banglades
202.4.96.0/255.255.224.0,Banglades
202.4.173.0/255.255.255.0,Banglades
202.5.32.0/255.255.224.0,Banglades
202.22.192.0/255.255.240.0,Banglades
202.37.74.0/255.255.255.0,Banglades
202.40.176.0/255.255.240.0,Banglades
202.44.104.0/255.255.248.0,Banglades
202.45.159.0/255.255.255.0,Banglades
202.51.176.0/255.255.240.0,Banglades
202.52.40.0/255.255.255.0,Banglades
202.52.138.0/255.255.254.0,Banglades
202.53.131.0/255.255.255.0,Banglades
202.53.132.0/255.255.255.0,Banglades
202.53.141.0/255.255.255.0,Banglades
202.53.160.0/255.255.240.0,Banglades
202.56.4.0/255.255.252.0,Banglades
202.58.108.0/255.255.252.0,Banglades
202.58.252.0/255.255.252.0,Banglades
202.59.128.0/255.255.240.0,Banglades
202.59.208.0/255.255.252.0,Banglades
202.65.10.0/255.255.254.0,Banglades
202.65.168.0/255.255.248.0,Banglades
202.72.110.96/255.255.255.224,Banglades
202.72.232.0/255.255.248.0,Banglades
202.73.4.0/255.255.254.0,Banglades
202.73.6.0/255.255.255.0,Banglades
202.74.48.0/255.255.255.0,Banglades
202.74.240.0/255.255.248.0,Banglades
202.79.16.0/255.255.248.0,Banglades
202.83.124.0/255.255.252.0,Banglades
202.84.32.0/255.255.248.0,Banglades
202.84.40.0/255.255.252.0,Banglades
202.84.44.0/255.255.254.0,Banglades
202.84.46.0/255.255.255.0,Banglades
202.84.47.0/255.255.255.128,Banglades
202.84.47.128/255.255.255.192,Banglades
202.84.47.192/255.255.255.224,Banglades
202.84.47.224/255.255.255.248,Banglades
202.84.47.232/255.255.255.254,Banglades
202.84.47.235/255.255.255.255,Banglades
202.84.47.236/255.255.255.252,Banglades
202.84.47.240/255.255.255.252,Banglades
202.84.47.245/255.255.255.255,Banglades
202.84.47.246/255.255.255.254,Banglades
202.84.47.248/255.255.255.248,Banglades
202.84.64.0/255.255.248.0,Banglades
202.86.216.0/255.255.248.0,Banglades
202.88.40.0/255.255.252.0,Banglades
202.90.200.0/255.255.252.0,Banglades
202.91.40.0/255.255.252.0,Banglades
202.94.84.0/255.255.254.0,Banglades
202.94.164.0/255.255.254.0,Banglades
202.125.64.0/255.255.240.0,Banglades
202.125.108.0/255.255.255.0,Banglades
202.126.120.0/255.255.248.0,Banglades
202.129.192.0/255.255.252.0,Banglades
202.133.14.208/255.255.255.240,Banglades
202.133.88.0/255.255.252.0,Banglades
202.134.8.0/255.255.248.0,Banglades
202.136.88.0/255.255.252.0,Banglades
202.144.200.0/255.255.252.0,Banglades
202.161.138.0/255.255.255.0,Banglades
202.161.152.0/255.255.255.0,Banglades
202.161.176.0/255.255.240.0,Banglades
202.164.208.0/255.255.248.0,Banglades
202.168.224.0/255.255.224.0,Banglades
202.173.120.0/255.255.252.0,Banglades
202.174.141.0/255.255.255.0,Banglades
202.174.142.128/255.255.255.192,Banglades
202.174.143.88/255.255.255.248,Banglades
202.174.144.184/255.255.255.248,Banglades
202.174.148.144/255.255.255.240,Banglades
202.174.148.224/255.255.255.240,Banglades
202.174.151.0/255.255.255.192,Banglades
202.174.151.128/255.255.255.224,Banglades
202.174.151.192/255.255.255.192,Banglades
202.174.153.96/255.255.255.248,Banglades
202.174.153.112/255.255.255.240,Banglades
202.174.153.160/255.255.255.240,Banglades
202.174.153.232/255.255.255.248,Banglades
202.174.154.136/255.255.255.248,Banglades
202.174.155.160/255.255.255.248,Banglades
202.174.155.224/255.255.255.248,Banglades
202.174.156.216/255.255.255.248,Banglades
202.174.157.64/255.255.255.192,Banglades
202.181.4.0/255.255.252.0,Banglades
202.181.12.0/255.255.252.0,Banglades
202.181.16.0/255.255.252.0,Banglades
202.191.120.0/255.255.248.0,Banglades
203.4.187.0/255.255.255.0,Banglades
203.17.65.0/255.255.255.0,Banglades
203.76.96.0/255.255.224.0,Banglades
203.76.144.0/255.255.240.0,Banglades
203.76.220.0/255.255.252.0,Banglades
203.78.144.0/255.255.252.0,Banglades
203.80.188.0/255.255.252.0,Banglades
203.82.192.0/255.255.240.0,Banglades
203.82.218.0/255.255.255.0,Banglades
203.83.160.0/255.255.224.0,Banglades
203.88.70.0/255.255.255.192,Banglades
203.88.74.0/255.255.254.0,Banglades
203.88.76.0/255.255.255.0,Banglades
203.88.90.96/255.255.255.224,Banglades
203.89.108.0/255.255.252.0,Banglades
203.89.120.0/255.255.248.0,Banglades
203.92.219.196/255.255.255.255,Banglades
203.95.220.0/255.255.252.0,Banglades
203.96.176.0/255.255.252.0,Banglades
203.96.184.0/255.255.248.0,Banglades
203.96.224.0/255.255.252.0,Banglades
203.112.72.0/255.255.248.0,Banglades
203.112.192.0/255.255.224.0,Banglades
203.119.19.0/255.255.255.0,Banglades
203.148.88.0/255.255.252.0,Banglades
203.153.60.0/255.255.252.0,Banglades
203.169.24.0/255.255.248.0,Banglades
203.188.160.0/255.255.224.0,Banglades
203.188.240.0/255.255.240.0,Banglades
203.189.224.0/255.255.248.0,Banglades
203.190.0.0/255.255.252.0,Banglades
203.190.8.0/255.255.248.0,Banglades
203.190.32.0/255.255.252.0,Banglades
203.190.254.0/255.255.254.0,Banglades
203.191.32.0/255.255.254.0,Banglades
203.194.116.0/255.255.252.0,Banglades
203.201.48.0/255.255.254.0,Banglades
203.202.240.0/255.255.240.0,Banglades
203.223.92.0/255.255.252.0,Banglades
204.110.53.8/255.255.255.248,Banglades
208.87.0.64/255.255.255.248,Banglades
208.87.3.72/255.255.255.248,Banglades
208.87.3.112/255.255.255.240,Banglades
208.94.175.224/255.255.255.240,Banglades
209.58.24.0/255.255.255.0,Banglades
210.1.240.0/255.255.240.0,Banglades
210.4.64.0/255.255.240.0,Banglades
210.89.83.64/255.255.255.192,Banglades
210.89.83.128/255.255.255.128,Banglades
216.6.28.32/255.255.255.240,Banglades
216.158.214.0/255.255.255.0,Banglades
217.10.163.192/255.255.255.224,Banglades
218.100.37.0/255.255.255.0,Banglades
220.152.112.0/255.255.252.0,Banglades
220.158.204.0/255.255.252.0,Banglades
220.158.232.0/255.255.252.0,Banglades
220.247.128.0/255.255.252.0,Banglades
220.247.160.0/255.255.248.0,Banglades
221.120.96.0/255.255.248.0,Banglades
223.25.252.0/255.255.252.0,Banglades
223.27.80.0/255.255.240.0,Banglades
223.27.112.0/255.255.252.0,Banglades
223.29.212.0/255.255.252.0,Banglades
223.165.0.0/255.255.252.0,Banglades
